firstname,lastname,email,age
Cam,Ingra,Cam.Ingra@outlook.com,40
Robbi,Hourigan,Robbi.Hourigan@yahoo.com,50
Florie,Pattin,Florie.Pattin@outlook.com,44
Cindelyn,Brunell,Cindelyn.Brunell@gmail.com,60
Danny,Goldina,Danny.Goldina@yahoo.com,30
Claresta,Silvan,Claresta.Silvan@hotmail.com,21
Blondelle,Kaja,Blondelle.Kaja@hotmail.com,20
Jan,Kalinda,Jan.Kalinda@gmail.com,26
Ivett,Denis,Ivett.Denis@yahoo.com,19
Kamilah,Dyche,Kamilah.Dyche@yahoo.com,29
Mureil,Crudden,Mureil.Crudden@outlook.com,45
Tiffie,Smitt,Tiffie.Smitt@hotmail.com,39
Loree,Maisey,Loree.Maisey@yahoo.com,26
Elka,Callista,Elka.Callista@yahoo.com,46
Merry,Manolo,Merry.Manolo@gmail.com,27
Monika,Podvin,Monika.Podvin@yahoo.com,35
Ricky,Destinee,Ricky.Destinee@outlook.com,57
Esmeralda,Jerold,Esmeralda.Jerold@outlook.com,42
Tera,Land,Tera.Land@yahoo.com,35
Florencia,Goth,Florencia.Goth@outlook.com,53
Cherrita,Harriman,Cherrita.Harriman@outlook.com,59
Gilda,Wilona,Gilda.Wilona@outlook.com,34
Karena,Wenoa,Karena.Wenoa@hotmail.com,53
Rivalee,Sacken,Rivalee.Sacken@outlook.com,25
Lynea,Lareena,Lynea.Lareena@hotmail.com,22
June,Aaberg,June.Aaberg@hotmail.com,60
Chere,Mitzi,Chere.Mitzi@gmail.com,59
Gertrud,Rese,Gertrud.Rese@gmail.com,49
Netty,Kolnick,Netty.Kolnick@hotmail.com,23
Diena,Melan,Diena.Melan@outlook.com,53
Nollie,Wind,Nollie.Wind@hotmail.com,57
Corene,Tamsky,Corene.Tamsky@yahoo.com,20
Ulrike,Harl,Ulrike.Harl@outlook.com,47
Roslyn,Bates,Roslyn.Bates@hotmail.com,20
Jacenta,Phyllis,Jacenta.Phyllis@yahoo.com,40
Lacie,Roarke,Lacie.Roarke@yahoo.com,30
Ingrid,Jillane,Ingrid.Jillane@yahoo.com,55
Kerrin,Mauer,Kerrin.Mauer@outlook.com,33
Jenilee,Chick,Jenilee.Chick@outlook.com,49
Candi,Tiffa,Candi.Tiffa@yahoo.com,58
Sara-Ann,Means,Sara-Ann.Means@yahoo.com,42
Philis,Gaynor,Philis.Gaynor@hotmail.com,46
Lulita,Liva,Lulita.Liva@hotmail.com,21
Claresta,Faro,Claresta.Faro@yahoo.com,60
Devina,Casimir,Devina.Casimir@outlook.com,32
Dagmar,Georgy,Dagmar.Georgy@hotmail.com,50
Emmey,Dudley,Emmey.Dudley@gmail.com,59
Katuscha,Mike,Katuscha.Mike@outlook.com,60
Paule,Karylin,Paule.Karylin@hotmail.com,51
Natka,Darian,Natka.Darian@outlook.com,47
Petronia,Parette,Petronia.Parette@hotmail.com,39
Trudie,Publia,Trudie.Publia@yahoo.com,26
Yvonne,Egbert,Yvonne.Egbert@outlook.com,55
Averyl,Carbo,Averyl.Carbo@outlook.com,35
Dorene,Blase,Dorene.Blase@yahoo.com,30
Charissa,Nadia,Charissa.Nadia@yahoo.com,58
Luci,Eben,Luci.Eben@outlook.com,52
Corly,Mallon,Corly.Mallon@yahoo.com,49
Nataline,Seumas,Nataline.Seumas@yahoo.com,18
Verla,Skell,Verla.Skell@outlook.com,57
Nyssa,Elvyn,Nyssa.Elvyn@gmail.com,37
Cecile,Honoria,Cecile.Honoria@gmail.com,59
Alex,Ardra,Alex.Ardra@outlook.com,28
Basia,Nea,Basia.Nea@gmail.com,52
Babita,Kosey,Babita.Kosey@outlook.com,53
Edyth,Huggins,Edyth.Huggins@outlook.com,22
Ellette,Edison,Ellette.Edison@outlook.com,34
Celestyna,Phi,Celestyna.Phi@yahoo.com,53
Berget,Ajay,Berget.Ajay@yahoo.com,41
Dagmar,Agle,Dagmar.Agle@gmail.com,38
Ricky,Pandolfi,Ricky.Pandolfi@hotmail.com,25
Gilda,Hunfredo,Gilda.Hunfredo@yahoo.com,54
Veda,Reidar,Veda.Reidar@outlook.com,18
Dulce,Hamil,Dulce.Hamil@yahoo.com,36
Kathy,Tiffa,Kathy.Tiffa@outlook.com,28
Aurore,O'Carroll,Aurore.O'Carroll@gmail.com,36
Lilith,Ingra,Lilith.Ingra@outlook.com,37
Darlleen,Blase,Darlleen.Blase@hotmail.com,32
Marita,Vorster,Marita.Vorster@hotmail.com,53
Janey,Noelyn,Janey.Noelyn@hotmail.com,49
Fanny,Harday,Fanny.Harday@hotmail.com,20
Flo,Sophronia,Flo.Sophronia@outlook.com,28
Marjie,Rustice,Marjie.Rustice@gmail.com,20
Dyann,Cordi,Dyann.Cordi@hotmail.com,48
Livvyy,Tice,Livvyy.Tice@outlook.com,32
Consuela,Cimbura,Consuela.Cimbura@outlook.com,48
Susan,Constancy,Susan.Constancy@hotmail.com,36
Madalyn,Donoghue,Madalyn.Donoghue@outlook.com,48
Nessie,Thomasina,Nessie.Thomasina@yahoo.com,33
Jinny,Schonfeld,Jinny.Schonfeld@outlook.com,47
Gaylene,Sholley,Gaylene.Sholley@yahoo.com,56
Dyann,Vins,Dyann.Vins@hotmail.com,41
Maud,Kronfeld,Maud.Kronfeld@outlook.com,44
Melina,Gilbertson,Melina.Gilbertson@gmail.com,59
Priscilla,Tound,Priscilla.Tound@gmail.com,33
Blinni,Armanda,Blinni.Armanda@outlook.com,22
Asia,Euridice,Asia.Euridice@gmail.com,60
Deloria,Clie,Deloria.Clie@outlook.com,32
Ginnie,Thad,Ginnie.Thad@hotmail.com,21
Sue,Korey,Sue.Korey@outlook.com,41
Nessie,Gillan,Nessie.Gillan@outlook.com,49
Max,Warthman,Max.Warthman@gmail.com,48
Mady,Tayib,Mady.Tayib@outlook.com,27
Leia,Blisse,Leia.Blisse@hotmail.com,18
Arabel,Sisile,Arabel.Sisile@outlook.com,41
Gilda,Raimondo,Gilda.Raimondo@outlook.com,26
Kelly,Burnside,Kelly.Burnside@outlook.com,58
Jemie,Neils,Jemie.Neils@yahoo.com,23
Sara-Ann,Ellerey,Sara-Ann.Ellerey@hotmail.com,25
Edyth,Fennessy,Edyth.Fennessy@hotmail.com,54
Chandra,Torray,Chandra.Torray@gmail.com,56
Alisha,Gaulin,Alisha.Gaulin@outlook.com,46
Ardenia,Ephrem,Ardenia.Ephrem@outlook.com,57
Melisent,Dahlia,Melisent.Dahlia@outlook.com,24
Oralee,Arvo,Oralee.Arvo@hotmail.com,23
Nyssa,Capello,Nyssa.Capello@hotmail.com,38
Roberta,Goth,Roberta.Goth@hotmail.com,53
Vivia,Orelee,Vivia.Orelee@outlook.com,45
Jorry,Anastatius,Jorry.Anastatius@outlook.com,18
Arlina,Cherianne,Arlina.Cherianne@hotmail.com,54
Donnie,Lowry,Donnie.Lowry@yahoo.com,38
Collen,Garek,Collen.Garek@outlook.com,31
Marguerite,Ciapas,Marguerite.Ciapas@hotmail.com,30
Blinni,Croix,Blinni.Croix@hotmail.com,58
Alyssa,Darbie,Alyssa.Darbie@outlook.com,53
Tracey,Hessler,Tracey.Hessler@outlook.com,47
Charmaine,Stelle,Charmaine.Stelle@outlook.com,30
Lorne,Gabrielli,Lorne.Gabrielli@outlook.com,56
Minne,Bari,Minne.Bari@outlook.com,58
Madalyn,Belanger,Madalyn.Belanger@outlook.com,36
Steffane,Diann,Steffane.Diann@yahoo.com,58
Mahalia,Pauly,Mahalia.Pauly@yahoo.com,50
Renae,Jacobah,Renae.Jacobah@outlook.com,30
Dania,Cottle,Dania.Cottle@hotmail.com,54
Mureil,Rosalba,Mureil.Rosalba@outlook.com,40
Basia,Kannry,Basia.Kannry@yahoo.com,30
Kaia,Mich,Kaia.Mich@hotmail.com,29
Renie,Lanita,Renie.Lanita@yahoo.com,47
Ana,Chinua,Ana.Chinua@gmail.com,60
Lanae,Euridice,Lanae.Euridice@outlook.com,19
Josephine,Sherrie,Josephine.Sherrie@outlook.com,55
Cindelyn,Damarra,Cindelyn.Damarra@outlook.com,48
Theodora,Garek,Theodora.Garek@outlook.com,46
Rosene,Chapland,Rosene.Chapland@outlook.com,52
Annice,Delacourt,Annice.Delacourt@hotmail.com,30
Kristina,Devlen,Kristina.Devlen@yahoo.com,21
Gwyneth,Primalia,Gwyneth.Primalia@outlook.com,32
Nyssa,Ardra,Nyssa.Ardra@hotmail.com,43
Sashenka,Cookie,Sashenka.Cookie@outlook.com,33
Chickie,Remmer,Chickie.Remmer@hotmail.com,25
Annabela,Carolin,Annabela.Carolin@gmail.com,53
Carolina,Gaspard,Carolina.Gaspard@outlook.com,35
Meriel,Lemuela,Meriel.Lemuela@outlook.com,44
Phedra,Pierette,Phedra.Pierette@hotmail.com,38
Rani,Couture,Rani.Couture@hotmail.com,19
Meghann,Rubie,Meghann.Rubie@hotmail.com,55
Livvyy,Libna,Livvyy.Libna@outlook.com,23
Beatriz,Sammons,Beatriz.Sammons@outlook.com,35
Rosabelle,Martsen,Rosabelle.Martsen@hotmail.com,35
Renae,Arquit,Renae.Arquit@yahoo.com,40
Millie,Bakerman,Millie.Bakerman@gmail.com,35
Starla,Blase,Starla.Blase@hotmail.com,48
Agnese,Rugen,Agnese.Rugen@yahoo.com,31
Heida,O'Neill,Heida.O'Neill@gmail.com,37
Johna,Tatianas,Johna.Tatianas@yahoo.com,55
Moyna,Afton,Moyna.Afton@outlook.com,18
Marleah,Deny,Marleah.Deny@outlook.com,40
Julieta,Sundin,Julieta.Sundin@outlook.com,30
Livvyy,Arvo,Livvyy.Arvo@hotmail.com,26
Jinny,Carleen,Jinny.Carleen@outlook.com,22
Malina,Korey,Malina.Korey@outlook.com,49
Daryl,Jaylene,Daryl.Jaylene@outlook.com,27
Drucie,Barrus,Drucie.Barrus@outlook.com,55
Tybie,Grobe,Tybie.Grobe@outlook.com,39
Zsa Zsa,Euridice,Zsa Zsa.Euridice@yahoo.com,21
Linzy,Kellby,Linzy.Kellby@yahoo.com,22
Nessie,Eachern,Nessie.Eachern@yahoo.com,49
Zondra,Gladstone,Zondra.Gladstone@yahoo.com,58
Paule,Daegal,Paule.Daegal@yahoo.com,42
Di,Arley,Di.Arley@hotmail.com,18
Britte,Ball,Britte.Ball@hotmail.com,32
Tamqrah,Shaver,Tamqrah.Shaver@outlook.com,44
Romona,Boehike,Romona.Boehike@yahoo.com,20
Stephanie,Yorick,Stephanie.Yorick@outlook.com,29
Dale,Allare,Dale.Allare@hotmail.com,46
Ardys,Selway,Ardys.Selway@outlook.com,43
Ivett,Palocz,Ivett.Palocz@outlook.com,53
Alex,Tayib,Alex.Tayib@yahoo.com,39
Lynnea,Tybald,Lynnea.Tybald@outlook.com,52
Aili,Pascia,Aili.Pascia@gmail.com,39
Hannis,Lenny,Hannis.Lenny@gmail.com,41
Shauna,Robertson,Shauna.Robertson@outlook.com,19
Barbara,Bashemeth,Barbara.Bashemeth@outlook.com,24
Rozele,Ophelia,Rozele.Ophelia@yahoo.com,56
Bobbi,Stacy,Bobbi.Stacy@gmail.com,26
Stacey,Israeli,Stacey.Israeli@gmail.com,32
Misha,Wyn,Misha.Wyn@hotmail.com,26
Cacilie,Nahum,Cacilie.Nahum@hotmail.com,18
Joy,Jagir,Joy.Jagir@yahoo.com,20
Ardys,Amadas,Ardys.Amadas@gmail.com,45
Nyssa,Byrne,Nyssa.Byrne@outlook.com,36
Katleen,Schenck,Katleen.Schenck@outlook.com,23
Tori,Lymann,Tori.Lymann@hotmail.com,28
Leia,Riva,Leia.Riva@outlook.com,50
Gusty,Penelopa,Gusty.Penelopa@outlook.com,53
Abbie,Wu,Abbie.Wu@outlook.com,32
Helena,Kronfeld,Helena.Kronfeld@hotmail.com,39
Molli,Selway,Molli.Selway@outlook.com,19
Nanete,Phi,Nanete.Phi@hotmail.com,34
Zaria,Timon,Zaria.Timon@outlook.com,52
Desirae,Joachim,Desirae.Joachim@outlook.com,30
Helena,Kannry,Helena.Kannry@outlook.com,57
Marjie,Knowling,Marjie.Knowling@hotmail.com,54
Kerrin,Talia,Kerrin.Talia@yahoo.com,25
Lenna,Toor,Lenna.Toor@yahoo.com,47
Vanessa,Poppy,Vanessa.Poppy@hotmail.com,21
Lanna,Lowry,Lanna.Lowry@outlook.com,27
Mallory,Rugen,Mallory.Rugen@hotmail.com,56
Jolyn,Gaulin,Jolyn.Gaulin@outlook.com,33
Shell,Toor,Shell.Toor@gmail.com,57
Anthia,Donoghue,Anthia.Donoghue@outlook.com,32
Lacie,Shields,Lacie.Shields@hotmail.com,23
Janis,Azeria,Janis.Azeria@outlook.com,45
Morganica,Lipson,Morganica.Lipson@outlook.com,39
Leontine,Bigner,Leontine.Bigner@outlook.com,41
Lauryn,Henrie,Lauryn.Henrie@gmail.com,37
Berta,Wilona,Berta.Wilona@outlook.com,51
Georgina,Abbot,Georgina.Abbot@outlook.com,31
Marinna,Ader,Marinna.Ader@gmail.com,38
Kamilah,Stephie,Kamilah.Stephie@gmail.com,39
Janeczka,Weaks,Janeczka.Weaks@outlook.com,49
Adore,Konyn,Adore.Konyn@outlook.com,23
Misha,Emerson,Misha.Emerson@outlook.com,21
Steffane,Glenden,Steffane.Glenden@outlook.com,21
Blake,Cath,Blake.Cath@hotmail.com,48
Mara,Erich,Mara.Erich@outlook.com,44
Korrie,Anastatius,Korrie.Anastatius@outlook.com,34
Riannon,Wenda,Riannon.Wenda@outlook.com,43
Lynea,Yuille,Lynea.Yuille@yahoo.com,43
Alia,Toffic,Alia.Toffic@yahoo.com,54
Ruthe,Jehu,Ruthe.Jehu@outlook.com,49
Tina,Edmund,Tina.Edmund@hotmail.com,37
Glynnis,Earlie,Glynnis.Earlie@gmail.com,54
Ariela,Yuille,Ariela.Yuille@yahoo.com,34
Sheree,Rugen,Sheree.Rugen@hotmail.com,46
Johna,Ventre,Johna.Ventre@outlook.com,44
Sissy,Olnee,Sissy.Olnee@outlook.com,56
Concettina,Jacinda,Concettina.Jacinda@yahoo.com,26
Vita,Noman,Vita.Noman@gmail.com,32
Beth,Emmaline,Beth.Emmaline@outlook.com,27
Fredericka,Oscar,Fredericka.Oscar@outlook.com,45
Gratia,Argus,Gratia.Argus@outlook.com,38
Dorothy,Blake,Dorothy.Blake@yahoo.com,38
Janey,Colp,Janey.Colp@yahoo.com,21
Amii,Jotham,Amii.Jotham@gmail.com,31
Ayn,My,Ayn.My@hotmail.com,53
Sabina,Malanie,Sabina.Malanie@yahoo.com,23
Shel,Leonard,Shel.Leonard@gmail.com,43
Heddie,Whiffen,Heddie.Whiffen@outlook.com,31
Aurore,Merna,Aurore.Merna@outlook.com,53
Kaia,Leler,Kaia.Leler@hotmail.com,19
Bobbi,Matthew,Bobbi.Matthew@yahoo.com,54
Tani,Dannye,Tani.Dannye@outlook.com,24
Lynea,Carvey,Lynea.Carvey@outlook.com,37
Valera,Stelle,Valera.Stelle@gmail.com,29
Oona,Peonir,Oona.Peonir@outlook.com,27
Justinn,Marijo,Justinn.Marijo@outlook.com,38
Helena,Arquit,Helena.Arquit@outlook.com,55
Angelique,Mitzi,Angelique.Mitzi@outlook.com,57
Xylina,Saree,Xylina.Saree@gmail.com,60
Frances,Edvard,Frances.Edvard@outlook.com,19
Antonietta,Iiette,Antonietta.Iiette@yahoo.com,40
Sibella,Moseley,Sibella.Moseley@outlook.com,19
Chrystel,Mullane,Chrystel.Mullane@hotmail.com,20
Lila,Buffum,Lila.Buffum@yahoo.com,47
Hildegaard,Oscar,Hildegaard.Oscar@yahoo.com,53
Mary,Nedrud,Mary.Nedrud@outlook.com,59
Michaelina,Bahr,Michaelina.Bahr@yahoo.com,33
Dorthy,Othilia,Dorthy.Othilia@outlook.com,22
Helsa,Hanshaw,Helsa.Hanshaw@gmail.com,58
Moyna,Kenney,Moyna.Kenney@gmail.com,22
Roseline,Verger,Roseline.Verger@outlook.com,33
Moyna,Bohlin,Moyna.Bohlin@hotmail.com,60
Shell,Jenness,Shell.Jenness@yahoo.com,53
Gwyneth,Reidar,Gwyneth.Reidar@hotmail.com,18
Mignon,Kravits,Mignon.Kravits@hotmail.com,21
Dede,Kalinda,Dede.Kalinda@yahoo.com,48
Olivette,Edee,Olivette.Edee@gmail.com,33
Almeta,Ellerey,Almeta.Ellerey@yahoo.com,39
Cherilyn,Cullin,Cherilyn.Cullin@yahoo.com,40
Georgetta,Pascia,Georgetta.Pascia@yahoo.com,58
Tarra,Chesna,Tarra.Chesna@outlook.com,42
Kellen,Keily,Kellen.Keily@yahoo.com,54
Cassondra,McGrody,Cassondra.McGrody@outlook.com,26
Mamie,Wattenberg,Mamie.Wattenberg@hotmail.com,54
Gaylene,Lenny,Gaylene.Lenny@yahoo.com,25
Gusella,Willie,Gusella.Willie@yahoo.com,38
Joelly,Emerson,Joelly.Emerson@outlook.com,54
Esmeralda,Sothena,Esmeralda.Sothena@gmail.com,36
Camile,Rogerio,Camile.Rogerio@hotmail.com,21
Frances,Barbey,Frances.Barbey@yahoo.com,39
Jessy,Persse,Jessy.Persse@hotmail.com,36
Blake,Henrie,Blake.Henrie@outlook.com,57
Demetris,Judye,Demetris.Judye@hotmail.com,40
Nessie,Khorma,Nessie.Khorma@outlook.com,21
Giustina,Melan,Giustina.Melan@gmail.com,43
Flo,Vharat,Flo.Vharat@hotmail.com,33
Elka,Chick,Elka.Chick@outlook.com,51
Chickie,Bryna,Chickie.Bryna@yahoo.com,41
Pamella,Stevy,Pamella.Stevy@yahoo.com,56
Dulcinea,Cosenza,Dulcinea.Cosenza@yahoo.com,42
Frances,Slifka,Frances.Slifka@outlook.com,48
Ericka,Malanie,Ericka.Malanie@yahoo.com,36
Lynnea,Maurine,Lynnea.Maurine@hotmail.com,27
Dacia,Corrine,Dacia.Corrine@yahoo.com,48
Lory,Ilka,Lory.Ilka@yahoo.com,53
Bettine,Claudine,Bettine.Claudine@hotmail.com,20
Coral,Wesle,Coral.Wesle@hotmail.com,50
Barbara,Firmin,Barbara.Firmin@outlook.com,29
Antonietta,Khorma,Antonietta.Khorma@gmail.com,24
Candy,Mauer,Candy.Mauer@outlook.com,39
Dorthy,Morrill,Dorthy.Morrill@hotmail.com,22
Carol-Jean,Kravits,Carol-Jean.Kravits@yahoo.com,50
Celestyna,Jena,Celestyna.Jena@yahoo.com,51
Mildrid,Gwenore,Mildrid.Gwenore@gmail.com,40
Belinda,Birdella,Belinda.Birdella@hotmail.com,20
Randa,Nikaniki,Randa.Nikaniki@hotmail.com,47
Corly,Melan,Corly.Melan@outlook.com,38
Isa,Old,Isa.Old@hotmail.com,44
Dolli,Natica,Dolli.Natica@hotmail.com,26
Beverley,Willie,Beverley.Willie@outlook.com,47
Fanchon,Colyer,Fanchon.Colyer@outlook.com,42
Cassondra,Desai,Cassondra.Desai@yahoo.com,34
Roslyn,Marcellus,Roslyn.Marcellus@outlook.com,25
Louella,Gamaliel,Louella.Gamaliel@hotmail.com,22
Sashenka,Koehler,Sashenka.Koehler@gmail.com,58
Hyacinthe,Seagraves,Hyacinthe.Seagraves@hotmail.com,38
Aaren,Kristi,Aaren.Kristi@gmail.com,48
Mariele,Dermott,Mariele.Dermott@outlook.com,51
Briney,Dosia,Briney.Dosia@hotmail.com,41
Kathy,Monaco,Kathy.Monaco@gmail.com,30
Ashlee,Sammons,Ashlee.Sammons@hotmail.com,52
Cathie,Kussell,Cathie.Kussell@gmail.com,60
Rochette,Bashemeth,Rochette.Bashemeth@gmail.com,35
Shirlee,Gusella,Shirlee.Gusella@outlook.com,22
Paule,Montgomery,Paule.Montgomery@outlook.com,31
Shell,Elsinore,Shell.Elsinore@gmail.com,38
Shandie,Percy,Shandie.Percy@gmail.com,51
Clo,Beniamino,Clo.Beniamino@yahoo.com,52
Meg,Poppy,Meg.Poppy@hotmail.com,53
Hannis,Seessel,Hannis.Seessel@outlook.com,43
Vonny,Oneida,Vonny.Oneida@outlook.com,56
Mureil,Agle,Mureil.Agle@outlook.com,52
Carmencita,Lattie,Carmencita.Lattie@yahoo.com,21
Willetta,Modie,Willetta.Modie@gmail.com,32
Ofilia,Toni,Ofilia.Toni@hotmail.com,56
Hollie,Masao,Hollie.Masao@outlook.com,37
Emmey,Milson,Emmey.Milson@hotmail.com,42
Ardys,Waldron,Ardys.Waldron@gmail.com,20
Tiffie,Doig,Tiffie.Doig@yahoo.com,43
Sam,Ludewig,Sam.Ludewig@outlook.com,35
Chastity,Lesley,Chastity.Lesley@yahoo.com,45
Cassondra,Monaco,Cassondra.Monaco@yahoo.com,60
Carolina,Dalli,Carolina.Dalli@yahoo.com,28
Amelia,Behre,Amelia.Behre@hotmail.com,19
Elora,Jagir,Elora.Jagir@hotmail.com,35
Thalia,Dowski,Thalia.Dowski@yahoo.com,48
Misha,Paton,Misha.Paton@outlook.com,50
Meg,Kussell,Meg.Kussell@gmail.com,22
Malina,Clara,Malina.Clara@outlook.com,43
Ann-Marie,Carri,Ann-Marie.Carri@outlook.com,59
Starla,Jerald,Starla.Jerald@yahoo.com,18
Joleen,Lareena,Joleen.Lareena@outlook.com,31
Jackie,Gale,Jackie.Gale@outlook.com,59
Dolli,Borrell,Dolli.Borrell@hotmail.com,18
Marleah,Bord,Marleah.Bord@gmail.com,44
Ronna,Carleen,Ronna.Carleen@hotmail.com,38
Belinda,Bertold,Belinda.Bertold@hotmail.com,50
Doralynne,Germann,Doralynne.Germann@outlook.com,20
Collen,Breed,Collen.Breed@outlook.com,41
Rubie,Kimmie,Rubie.Kimmie@outlook.com,52
Adore,Skell,Adore.Skell@yahoo.com,45
Karly,Kylander,Karly.Kylander@outlook.com,27
Claresta,Newell,Claresta.Newell@hotmail.com,33
Caressa,Lytton,Caressa.Lytton@gmail.com,33
Carree,Nore,Carree.Nore@hotmail.com,48
Steffane,Colyer,Steffane.Colyer@hotmail.com,36
Roseline,Lory,Roseline.Lory@yahoo.com,19
Wileen,Leifeste,Wileen.Leifeste@outlook.com,23
Olwen,Lipson,Olwen.Lipson@hotmail.com,53
Donnie,Irmine,Donnie.Irmine@gmail.com,33
Valera,Orelee,Valera.Orelee@yahoo.com,37
Claudina,Kazimir,Claudina.Kazimir@yahoo.com,57
Katleen,Dearborn,Katleen.Dearborn@gmail.com,58
Veda,Dalli,Veda.Dalli@gmail.com,45
Katharina,Pandolfi,Katharina.Pandolfi@yahoo.com,33
Gabi,Garrison,Gabi.Garrison@outlook.com,43
Therine,Hashim,Therine.Hashim@hotmail.com,28
Brandise,Clie,Brandise.Clie@outlook.com,50
Fayre,Wolfgram,Fayre.Wolfgram@outlook.com,35
Margarette,Roxanna,Margarette.Roxanna@hotmail.com,52
Julieta,Masao,Julieta.Masao@yahoo.com,45
Aryn,Seagraves,Aryn.Seagraves@yahoo.com,18
Gabi,Means,Gabi.Means@yahoo.com,42
Arlina,Toffic,Arlina.Toffic@hotmail.com,40
Chloris,Liebermann,Chloris.Liebermann@yahoo.com,53
Doralynne,Wareing,Doralynne.Wareing@outlook.com,38
Norine,Roscoe,Norine.Roscoe@yahoo.com,24
Daune,Wolfgram,Daune.Wolfgram@outlook.com,28
Eolanda,Rhu,Eolanda.Rhu@outlook.com,19
Mady,Presber,Mady.Presber@gmail.com,28
Silvana,Percy,Silvana.Percy@outlook.com,38
Maud,Penelopa,Maud.Penelopa@yahoo.com,53
Henriette,Erb,Henriette.Erb@outlook.com,58
Antonietta,McCutcheon,Antonietta.McCutcheon@gmail.com,37
Kathi,Mintz,Kathi.Mintz@gmail.com,55
Shandie,Nester,Shandie.Nester@gmail.com,32
Chastity,Fadiman,Chastity.Fadiman@hotmail.com,41
Nadine,Turne,Nadine.Turne@outlook.com,41
Mignon,Emerson,Mignon.Emerson@hotmail.com,40
Dagmar,Ackerley,Dagmar.Ackerley@yahoo.com,26
Corene,Jacinda,Corene.Jacinda@outlook.com,23
Concettina,Ochs,Concettina.Ochs@hotmail.com,18
Flory,Konyn,Flory.Konyn@yahoo.com,53
Marjie,Flyn,Marjie.Flyn@hotmail.com,18
Kathi,Ellerey,Kathi.Ellerey@gmail.com,42
Edith,August,Edith.August@yahoo.com,19
Maye,Riva,Maye.Riva@yahoo.com,59
Joleen,Ax,Joleen.Ax@outlook.com,52
Hannis,Vernier,Hannis.Vernier@yahoo.com,24
Anestassia,Sherrie,Anestassia.Sherrie@outlook.com,60
Joeann,Buffum,Joeann.Buffum@outlook.com,40
Janenna,Mandler,Janenna.Mandler@outlook.com,36
Mary,Donell,Mary.Donell@gmail.com,48
Xylina,Parsaye,Xylina.Parsaye@hotmail.com,31
Amara,Jorgan,Amara.Jorgan@outlook.com,27
Anestassia,Clara,Anestassia.Clara@hotmail.com,46
Brianna,Charity,Brianna.Charity@yahoo.com,60
Liana,Fontana,Liana.Fontana@outlook.com,34
Edyth,Kiyoshi,Edyth.Kiyoshi@hotmail.com,39
Kathi,Nedrud,Kathi.Nedrud@outlook.com,34
Marylou,Zeeba,Marylou.Zeeba@outlook.com,45
Maridel,Hebner,Maridel.Hebner@outlook.com,24
Wilma,Tippets,Wilma.Tippets@outlook.com,28
Renie,Brieta,Renie.Brieta@yahoo.com,28
Joeann,Laverne,Joeann.Laverne@outlook.com,27
Demetris,Sheedy,Demetris.Sheedy@outlook.com,45
Chandra,Travax,Chandra.Travax@yahoo.com,38
Kellen,Meli,Kellen.Meli@outlook.com,57
Ashlee,Plato,Ashlee.Plato@gmail.com,52
Nadine,Evvie,Nadine.Evvie@hotmail.com,33
Romona,Carvey,Romona.Carvey@outlook.com,49
Xylina,Loeb,Xylina.Loeb@outlook.com,23
Marcelline,Millda,Marcelline.Millda@outlook.com,30
Agnese,Lutero,Agnese.Lutero@gmail.com,52
Hayley,Bashemeth,Hayley.Bashemeth@outlook.com,47
Courtnay,Matthew,Courtnay.Matthew@yahoo.com,58
Lorie,Knowling,Lorie.Knowling@outlook.com,54
Marinna,Peonir,Marinna.Peonir@outlook.com,60
Meriel,Trace,Meriel.Trace@outlook.com,37
Minda,Norvol,Minda.Norvol@hotmail.com,48
Marsiella,Hazlett,Marsiella.Hazlett@gmail.com,58
Helena,Gombach,Helena.Gombach@gmail.com,24
Dede,Yuille,Dede.Yuille@outlook.com,38
Petronia,Maribeth,Petronia.Maribeth@gmail.com,33
Chere,Kravits,Chere.Kravits@yahoo.com,58
Andree,Strephon,Andree.Strephon@yahoo.com,58
Brietta,Sinegold,Brietta.Sinegold@hotmail.com,28
Joane,Sharl,Joane.Sharl@yahoo.com,53
Gerrie,Corrine,Gerrie.Corrine@outlook.com,57
Minne,Melleta,Minne.Melleta@outlook.com,33
Georgina,Nadia,Georgina.Nadia@gmail.com,22
Nyssa,Ovid,Nyssa.Ovid@yahoo.com,54
Carly,Genna,Carly.Genna@yahoo.com,37
Gianina,Gabrielli,Gianina.Gabrielli@outlook.com,39
Kylynn,Thilda,Kylynn.Thilda@gmail.com,43
Deedee,Hoban,Deedee.Hoban@yahoo.com,30
Evita,Brady,Evita.Brady@gmail.com,56
Krystle,Soneson,Krystle.Soneson@hotmail.com,41
Bernie,Ricarda,Bernie.Ricarda@hotmail.com,51
Suzette,Edee,Suzette.Edee@yahoo.com,35
Nariko,Alice,Nariko.Alice@yahoo.com,24
Kate,Constancy,Kate.Constancy@yahoo.com,24
Madelle,Albertine,Madelle.Albertine@outlook.com,25
Addia,Dearborn,Addia.Dearborn@gmail.com,26
Monika,Kunin,Monika.Kunin@hotmail.com,41
Christian,Katrine,Christian.Katrine@gmail.com,33
Alyda,Woodberry,Alyda.Woodberry@yahoo.com,24
Tiffie,Keelia,Tiffie.Keelia@yahoo.com,26
Donetta,Glovsky,Donetta.Glovsky@outlook.com,22
Annaliese,Salvidor,Annaliese.Salvidor@hotmail.com,53
Karena,Gladstone,Karena.Gladstone@outlook.com,59
Norine,LaRue,Norine.LaRue@hotmail.com,50
Rayna,Japeth,Rayna.Japeth@yahoo.com,29
Kirbee,Lemuela,Kirbee.Lemuela@outlook.com,38
Morganica,Sacken,Morganica.Sacken@hotmail.com,39
Christian,Ricarda,Christian.Ricarda@hotmail.com,41
Sheelagh,Burkle,Sheelagh.Burkle@outlook.com,40
Joeann,Hermes,Joeann.Hermes@outlook.com,35
Ivett,Zina,Ivett.Zina@yahoo.com,46
Karlee,Thilda,Karlee.Thilda@yahoo.com,57
Bee,Tatianas,Bee.Tatianas@outlook.com,27
Carmela,Roche,Carmela.Roche@outlook.com,28
Ardys,Curren,Ardys.Curren@hotmail.com,27
Belinda,Billye,Belinda.Billye@outlook.com,59
Britte,Justinn,Britte.Justinn@gmail.com,35
Queenie,Zeeba,Queenie.Zeeba@hotmail.com,38
Laurene,Hepsibah,Laurene.Hepsibah@yahoo.com,18
Tarra,Milson,Tarra.Milson@yahoo.com,50
Kaia,Rurik,Kaia.Rurik@hotmail.com,60
Selia,Lacombe,Selia.Lacombe@outlook.com,43
Raquela,Hamil,Raquela.Hamil@yahoo.com,54
Ericka,Fitzsimmons,Ericka.Fitzsimmons@outlook.com,53
Valeda,Germann,Valeda.Germann@yahoo.com,52
Stevana,Means,Stevana.Means@gmail.com,54
Nataline,Bennie,Nataline.Bennie@gmail.com,56
Correy,Gillan,Correy.Gillan@yahoo.com,46
Corene,Amadas,Corene.Amadas@yahoo.com,32
Gwenneth,Etom,Gwenneth.Etom@hotmail.com,28
Jeanna,Bivins,Jeanna.Bivins@outlook.com,30
Celene,Fadiman,Celene.Fadiman@gmail.com,58
Nananne,Clara,Nananne.Clara@gmail.com,30
Dione,Clywd,Dione.Clywd@outlook.com,23
Evita,Hunfredo,Evita.Hunfredo@outlook.com,44
Dawn,Septima,Dawn.Septima@hotmail.com,20
Britte,Gaal,Britte.Gaal@gmail.com,58
Emelina,Goerke,Emelina.Goerke@outlook.com,59
Hope,Richers,Hope.Richers@outlook.com,36
Jolyn,Carleen,Jolyn.Carleen@gmail.com,30
Bee,Cressida,Bee.Cressida@gmail.com,37
Georgina,Granoff,Georgina.Granoff@outlook.com,20
Britni,Bettine,Britni.Bettine@outlook.com,32
Donnie,Astra,Donnie.Astra@outlook.com,43
Violet,Cyrie,Violet.Cyrie@outlook.com,39
Dorene,Evangelia,Dorene.Evangelia@yahoo.com,30
Bernie,Iaverne,Bernie.Iaverne@yahoo.com,55
Odessa,Zina,Odessa.Zina@outlook.com,35
Lenna,Neils,Lenna.Neils@outlook.com,52
Shaine,Malina,Shaine.Malina@yahoo.com,22
Romona,Ogren,Romona.Ogren@yahoo.com,42
Feliza,Arley,Feliza.Arley@yahoo.com,18
Belinda,Stuart,Belinda.Stuart@yahoo.com,18
Leanna,Ardra,Leanna.Ardra@outlook.com,20
Andree,Docilla,Andree.Docilla@outlook.com,44
Courtnay,Leopold,Courtnay.Leopold@gmail.com,38
Dede,Lory,Dede.Lory@yahoo.com,36
Kirstin,Velick,Kirstin.Velick@hotmail.com,43
Madeleine,Neils,Madeleine.Neils@hotmail.com,51
Kittie,Yam,Kittie.Yam@yahoo.com,44
Beatriz,Toor,Beatriz.Toor@outlook.com,37
Christian,Merat,Christian.Merat@hotmail.com,29
Teddie,Lacombe,Teddie.Lacombe@outlook.com,59
Ekaterina,Brian,Ekaterina.Brian@outlook.com,33
Lily,Selway,Lily.Selway@outlook.com,28
Rayna,Charmine,Rayna.Charmine@yahoo.com,23
Brianna,Halla,Brianna.Halla@hotmail.com,44
June,Chobot,June.Chobot@gmail.com,31
Cissiee,Sammons,Cissiee.Sammons@yahoo.com,59
Moyna,Leffen,Moyna.Leffen@outlook.com,44
Amelia,Alabaster,Amelia.Alabaster@outlook.com,51
Barbi,Sawtelle,Barbi.Sawtelle@yahoo.com,31
Hannis,Hachmin,Hannis.Hachmin@gmail.com,19
Ivett,Anis,Ivett.Anis@hotmail.com,42
Dolli,Connelly,Dolli.Connelly@hotmail.com,41
Giustina,Revkah,Giustina.Revkah@yahoo.com,18
Jany,Emerson,Jany.Emerson@outlook.com,28
Dulcinea,Yam,Dulcinea.Yam@outlook.com,48
Fidelia,Donoghue,Fidelia.Donoghue@outlook.com,51
Genovera,Bearnard,Genovera.Bearnard@hotmail.com,37
Ruthe,Wallis,Ruthe.Wallis@yahoo.com,35
Tersina,Rosette,Tersina.Rosette@gmail.com,29
Norine,Ventre,Norine.Ventre@outlook.com,23
Cam,Esmaria,Cam.Esmaria@hotmail.com,53
Donnie,Janith,Donnie.Janith@hotmail.com,50
Ethel,Dulciana,Ethel.Dulciana@outlook.com,26
Farrah,Eldrid,Farrah.Eldrid@yahoo.com,35
Fernande,Jalbert,Fernande.Jalbert@hotmail.com,54
Amii,Auberbach,Amii.Auberbach@yahoo.com,40
Chandra,Ehrman,Chandra.Ehrman@yahoo.com,56
Emelina,Hourigan,Emelina.Hourigan@gmail.com,47
Asia,Skell,Asia.Skell@outlook.com,20
Dale,Stoller,Dale.Stoller@outlook.com,60
Kylynn,Cottle,Kylynn.Cottle@outlook.com,19
Deedee,Eckblad,Deedee.Eckblad@outlook.com,21
Carree,Letsou,Carree.Letsou@gmail.com,25
Dominga,Kesley,Dominga.Kesley@outlook.com,45
Ingrid,Hewitt,Ingrid.Hewitt@gmail.com,44
Judy,Quinn,Judy.Quinn@hotmail.com,34
Deane,Halla,Deane.Halla@outlook.com,56
Cyndie,Harned,Cyndie.Harned@yahoo.com,26
Lindie,Taima,Lindie.Taima@outlook.com,33
Regina,Dudley,Regina.Dudley@outlook.com,32
Stevana,Claudine,Stevana.Claudine@outlook.com,39
Nyssa,Catie,Nyssa.Catie@outlook.com,56
Allyce,Thunell,Allyce.Thunell@hotmail.com,48
Marika,Kolnick,Marika.Kolnick@yahoo.com,50
Lulita,Evangelia,Lulita.Evangelia@outlook.com,20
Tarra,Pelagias,Tarra.Pelagias@hotmail.com,49
Siana,Hermes,Siana.Hermes@outlook.com,38
Briney,Callista,Briney.Callista@yahoo.com,49
Rebeca,Tyson,Rebeca.Tyson@gmail.com,22
Meghann,Cullin,Meghann.Cullin@outlook.com,18
Ninnetta,Marisa,Ninnetta.Marisa@yahoo.com,32
Ketti,Shirberg,Ketti.Shirberg@outlook.com,45
Mureil,Tacye,Mureil.Tacye@outlook.com,56
Ardys,Jefferey,Ardys.Jefferey@outlook.com,49
Wilma,Carbo,Wilma.Carbo@gmail.com,43
Sonni,Juan,Sonni.Juan@outlook.com,45
Gerrie,Seessel,Gerrie.Seessel@outlook.com,51
Madeleine,Suanne,Madeleine.Suanne@hotmail.com,45
Johna,Shirberg,Johna.Shirberg@outlook.com,30
Janeczka,Destinee,Janeczka.Destinee@hotmail.com,20
Melodie,Emanuel,Melodie.Emanuel@outlook.com,19
Ursulina,Levey,Ursulina.Levey@gmail.com,60
Max,Chesna,Max.Chesna@outlook.com,44
Celestyna,Loleta,Celestyna.Loleta@outlook.com,46
Rosanne,Odysseus,Rosanne.Odysseus@outlook.com,46
Teriann,Raseda,Teriann.Raseda@outlook.com,25
Inga,Bearnard,Inga.Bearnard@yahoo.com,21
Mariann,Sheedy,Mariann.Sheedy@outlook.com,39
Betta,Lipson,Betta.Lipson@yahoo.com,55
Hayley,Cadmar,Hayley.Cadmar@gmail.com,51
Katleen,Gibbeon,Katleen.Gibbeon@outlook.com,26
Aeriela,Greenwald,Aeriela.Greenwald@hotmail.com,45
Danika,Sholley,Danika.Sholley@yahoo.com,60
Rochette,Ephrem,Rochette.Ephrem@outlook.com,29
Blake,Sikorski,Blake.Sikorski@outlook.com,24
Stevana,Devlen,Stevana.Devlen@yahoo.com,57
Regina,Joni,Regina.Joni@yahoo.com,57
Myriam,Ajay,Myriam.Ajay@yahoo.com,38
Cassondra,Stephie,Cassondra.Stephie@outlook.com,55
Elena,Haymes,Elena.Haymes@yahoo.com,35
Gusella,Raul,Gusella.Raul@yahoo.com,39
Marsiella,Damarra,Marsiella.Damarra@hotmail.com,48
Chickie,Ahab,Chickie.Ahab@gmail.com,28
Bobinette,Jefferey,Bobinette.Jefferey@yahoo.com,55
Jere,Eachern,Jere.Eachern@outlook.com,43
Mellicent,Eben,Mellicent.Eben@hotmail.com,38
Cacilie,Janene,Cacilie.Janene@gmail.com,48
Romona,Blisse,Romona.Blisse@yahoo.com,40
Alleen,Maisey,Alleen.Maisey@outlook.com,51
Jean,Bow,Jean.Bow@outlook.com,59
Maurene,Chauncey,Maurene.Chauncey@hotmail.com,19
Kathy,Westphal,Kathy.Westphal@gmail.com,33
Dennie,Anis,Dennie.Anis@hotmail.com,37
Fidelia,Eliathas,Fidelia.Eliathas@outlook.com,19
Livvyy,Kenwood,Livvyy.Kenwood@yahoo.com,56
Madeleine,Podvin,Madeleine.Podvin@outlook.com,54
Mildrid,Darian,Mildrid.Darian@outlook.com,39
Abbie,Waite,Abbie.Waite@hotmail.com,28
Edee,Dalli,Edee.Dalli@gmail.com,46
Gianina,Ezar,Gianina.Ezar@gmail.com,58
Blinni,Riva,Blinni.Riva@yahoo.com,21
Adelle,Nester,Adelle.Nester@outlook.com,31
Lynde,Radu,Lynde.Radu@gmail.com,57
Kial,Sallyann,Kial.Sallyann@hotmail.com,39
Trudie,LaRue,Trudie.LaRue@yahoo.com,24
Caritta,Wallis,Caritta.Wallis@outlook.com,58
Maryellen,Belldas,Maryellen.Belldas@outlook.com,18
Cacilie,Trace,Cacilie.Trace@hotmail.com,31
Deloria,Aprile,Deloria.Aprile@hotmail.com,37
Tori,Suk,Tori.Suk@yahoo.com,53
Clary,Means,Clary.Means@outlook.com,25
Asia,Reneta,Asia.Reneta@yahoo.com,58
Berta,Couture,Berta.Couture@outlook.com,26
Gianina,Raul,Gianina.Raul@yahoo.com,29
Fidelia,Maurine,Fidelia.Maurine@hotmail.com,30
Ann-Marie,Arvo,Ann-Marie.Arvo@outlook.com,32
Trudie,Brotherson,Trudie.Brotherson@yahoo.com,36
Patricia,Bryna,Patricia.Bryna@hotmail.com,59
Zia,Lory,Zia.Lory@outlook.com,40
Siana,Etom,Siana.Etom@gmail.com,46
Jemie,Iaverne,Jemie.Iaverne@hotmail.com,60
Candi,Whiffen,Candi.Whiffen@yahoo.com,52
Shaine,Fleeta,Shaine.Fleeta@outlook.com,47
Charissa,Orpah,Charissa.Orpah@outlook.com,22
Brana,Old,Brana.Old@yahoo.com,56
Celisse,Kinnard,Celisse.Kinnard@hotmail.com,26
Tobe,Shaver,Tobe.Shaver@hotmail.com,48
Audrie,Winnick,Audrie.Winnick@hotmail.com,55
Libbie,Pozzy,Libbie.Pozzy@outlook.com,30
Kayla,Cristi,Kayla.Cristi@yahoo.com,51
Stevana,Fredi,Stevana.Fredi@yahoo.com,21
Sandie,Schenck,Sandie.Schenck@gmail.com,52
Aeriela,Alcott,Aeriela.Alcott@gmail.com,19
Bobbi,Dermott,Bobbi.Dermott@hotmail.com,25
Ingrid,Tound,Ingrid.Tound@outlook.com,32
Cristine,Saunderson,Cristine.Saunderson@yahoo.com,45
Janis,Raffo,Janis.Raffo@gmail.com,58
Yetty,Schonfeld,Yetty.Schonfeld@yahoo.com,58
Madalyn,Ludewig,Madalyn.Ludewig@outlook.com,58
Sadie,Toni,Sadie.Toni@hotmail.com,40
Rhoda,Kiyoshi,Rhoda.Kiyoshi@outlook.com,29
Chandra,Cottle,Chandra.Cottle@hotmail.com,34
Quintina,Septima,Quintina.Septima@outlook.com,26
Corly,Adalbert,Corly.Adalbert@yahoo.com,60
Dale,Israeli,Dale.Israeli@gmail.com,54
Florie,Eiser,Florie.Eiser@outlook.com,47
Vere,Susannah,Vere.Susannah@hotmail.com,26
Chloris,Koziara,Chloris.Koziara@yahoo.com,20
Mellicent,Schlosser,Mellicent.Schlosser@yahoo.com,36
Doralynne,Elsinore,Doralynne.Elsinore@hotmail.com,36
Lucille,Kirstin,Lucille.Kirstin@outlook.com,37
Edith,Ries,Edith.Ries@outlook.com,47
Cecile,Francene,Cecile.Francene@gmail.com,57
Kamilah,Sparhawk,Kamilah.Sparhawk@outlook.com,52
Meg,Isidore,Meg.Isidore@hotmail.com,58
Vanessa,Winnick,Vanessa.Winnick@hotmail.com,44
Sara-Ann,Forrer,Sara-Ann.Forrer@yahoo.com,46
Mignon,Esmaria,Mignon.Esmaria@yahoo.com,24
Chloris,Grosz,Chloris.Grosz@outlook.com,48
Ardeen,Ilka,Ardeen.Ilka@gmail.com,18
Chere,Means,Chere.Means@yahoo.com,39
Josephine,Kirstin,Josephine.Kirstin@hotmail.com,43
Carilyn,Xerxes,Carilyn.Xerxes@yahoo.com,39
Rhea,Azeria,Rhea.Azeria@outlook.com,22
Maridel,Glenden,Maridel.Glenden@outlook.com,54
Cecile,Carvey,Cecile.Carvey@hotmail.com,44
Pollyanna,Regan,Pollyanna.Regan@hotmail.com,54
Anica,Fabiola,Anica.Fabiola@gmail.com,34
Morganica,Zetta,Morganica.Zetta@outlook.com,29
Cordi,Gusella,Cordi.Gusella@gmail.com,60
Ileana,Markman,Ileana.Markman@hotmail.com,51
Antonietta,Jerold,Antonietta.Jerold@yahoo.com,47
Daphne,Berard,Daphne.Berard@yahoo.com,34
Allyce,Rillings,Allyce.Rillings@gmail.com,46
Halette,Erminia,Halette.Erminia@outlook.com,36
Glenda,Lorenz,Glenda.Lorenz@outlook.com,34
Verla,Simmonds,Verla.Simmonds@outlook.com,58
Correy,Burch,Correy.Burch@hotmail.com,30
Gisela,Ardeha,Gisela.Ardeha@outlook.com,47
Lexine,Lacombe,Lexine.Lacombe@outlook.com,44
Frieda,Seligman,Frieda.Seligman@gmail.com,42
Shell,Jalbert,Shell.Jalbert@yahoo.com,26
Romona,Jillane,Romona.Jillane@hotmail.com,21
Netty,Rillings,Netty.Rillings@outlook.com,31
Bertine,Chesna,Bertine.Chesna@yahoo.com,40
Danika,Zachary,Danika.Zachary@yahoo.com,42
Feliza,Malvino,Feliza.Malvino@yahoo.com,28
Ayn,Kathie,Ayn.Kathie@yahoo.com,53
Shaine,Secrest,Shaine.Secrest@outlook.com,20
Pearline,Deny,Pearline.Deny@gmail.com,43
Sabina,Guildroy,Sabina.Guildroy@outlook.com,57
Corry,Goth,Corry.Goth@outlook.com,55
Gwenneth,Terrence,Gwenneth.Terrence@hotmail.com,58
Elka,Rodmann,Elka.Rodmann@yahoo.com,31
Ana,Eckblad,Ana.Eckblad@yahoo.com,52
Tiffie,Cleavland,Tiffie.Cleavland@outlook.com,51
Asia,Teddman,Asia.Teddman@gmail.com,37
Tierney,Judye,Tierney.Judye@yahoo.com,26
Chrystel,Peg,Chrystel.Peg@gmail.com,43
Aigneis,Gibbeon,Aigneis.Gibbeon@yahoo.com,49
Mary,Zola,Mary.Zola@hotmail.com,27
Vita,Alabaster,Vita.Alabaster@gmail.com,24
Vevay,Pattin,Vevay.Pattin@outlook.com,28
Viki,Bigner,Viki.Bigner@yahoo.com,57
Jean,Corabella,Jean.Corabella@yahoo.com,26
Fina,Isacco,Fina.Isacco@yahoo.com,60
Susan,Geffner,Susan.Geffner@gmail.com,55
Dorothy,Cadmar,Dorothy.Cadmar@yahoo.com,52
Clo,Barbey,Clo.Barbey@outlook.com,57
Sonni,Doig,Sonni.Doig@yahoo.com,38
Peri,Rustice,Peri.Rustice@gmail.com,43
Nikki,Yusuk,Nikki.Yusuk@yahoo.com,47
June,Elephus,June.Elephus@hotmail.com,54
Patricia,Grimbly,Patricia.Grimbly@yahoo.com,60
Josephine,Wadell,Josephine.Wadell@hotmail.com,32
Tersina,Beniamino,Tersina.Beniamino@outlook.com,27
Lisette,Bethany,Lisette.Bethany@outlook.com,21
Ingrid,Ioab,Ingrid.Ioab@outlook.com,29
Dotty,Frendel,Dotty.Frendel@hotmail.com,37
Kenna,Bohlin,Kenna.Bohlin@outlook.com,33
Pearline,Reidar,Pearline.Reidar@outlook.com,36
Roslyn,Bashemeth,Roslyn.Bashemeth@outlook.com,20
Deirdre,Thilda,Deirdre.Thilda@hotmail.com,47
Kerrin,Standing,Kerrin.Standing@hotmail.com,42
Evita,Ludewig,Evita.Ludewig@outlook.com,47
Kary,Stover,Kary.Stover@yahoo.com,36
Noelle,Pond,Noelle.Pond@yahoo.com,42
Darci,Roche,Darci.Roche@outlook.com,25
Diena,Sallyann,Diena.Sallyann@outlook.com,34
Dulcinea,Ioab,Dulcinea.Ioab@outlook.com,49
Aryn,Leopold,Aryn.Leopold@outlook.com,60
Leeanne,Audly,Leeanne.Audly@yahoo.com,26
Marleah,Gaynor,Marleah.Gaynor@gmail.com,19
Carolina,Gavrila,Carolina.Gavrila@yahoo.com,41
Adriana,Moina,Adriana.Moina@gmail.com,49
Emma,Anis,Emma.Anis@outlook.com,33
Nannie,Arvo,Nannie.Arvo@yahoo.com,31
Linzy,Killigrew,Linzy.Killigrew@yahoo.com,18
Asia,Jefferey,Asia.Jefferey@hotmail.com,47
Amara,Waldron,Amara.Waldron@gmail.com,59
Ira,Mehalek,Ira.Mehalek@yahoo.com,42
Goldie,Parette,Goldie.Parette@outlook.com,32
Aili,Mott,Aili.Mott@outlook.com,51
Feliza,Denis,Feliza.Denis@yahoo.com,27
Yvonne,Cordi,Yvonne.Cordi@gmail.com,25
Leanna,Sothena,Leanna.Sothena@gmail.com,57
Bee,Erlandson,Bee.Erlandson@gmail.com,31
Jemie,Reneta,Jemie.Reneta@outlook.com,23
Cam,Jena,Cam.Jena@gmail.com,40
Adriana,Goldina,Adriana.Goldina@hotmail.com,26
Pearline,Justinn,Pearline.Justinn@outlook.com,27
Alie,Carmena,Alie.Carmena@outlook.com,59
Hyacinthe,Rubie,Hyacinthe.Rubie@gmail.com,54
Lilith,Wadell,Lilith.Wadell@outlook.com,35
Cyndie,Wenda,Cyndie.Wenda@outlook.com,41
Susan,Katrine,Susan.Katrine@outlook.com,47
Hermione,Strephon,Hermione.Strephon@hotmail.com,48
Elbertina,Wooster,Elbertina.Wooster@yahoo.com,60
Inga,Andrel,Inga.Andrel@hotmail.com,50
Mignon,Magdalen,Mignon.Magdalen@yahoo.com,26
Rosene,Vacuva,Rosene.Vacuva@yahoo.com,40
Briney,Soneson,Briney.Soneson@outlook.com,40
Kayla,Felecia,Kayla.Felecia@yahoo.com,42
Lanna,Lutero,Lanna.Lutero@gmail.com,35
Elyssa,Emmaline,Elyssa.Emmaline@hotmail.com,20
Ann-Marie,Durware,Ann-Marie.Durware@hotmail.com,39
Ayn,Noman,Ayn.Noman@outlook.com,46
Elsie,Schenck,Elsie.Schenck@hotmail.com,50
Frieda,Lissi,Frieda.Lissi@yahoo.com,50
Kellen,Raffo,Kellen.Raffo@outlook.com,57
Leia,Israeli,Leia.Israeli@outlook.com,30
Sallie,Koziara,Sallie.Koziara@outlook.com,47
Cyb,Germann,Cyb.Germann@outlook.com,51
Anica,Francene,Anica.Francene@outlook.com,43
Petronia,Malvino,Petronia.Malvino@hotmail.com,33
Dianemarie,Vernier,Dianemarie.Vernier@hotmail.com,33
Jan,Ranjiv,Jan.Ranjiv@gmail.com,41
Ernesta,Zamora,Ernesta.Zamora@outlook.com,56
Pollyanna,Isidore,Pollyanna.Isidore@hotmail.com,41
Benita,Flyn,Benita.Flyn@yahoo.com,53
Tina,Alwin,Tina.Alwin@outlook.com,35
Albertina,Gerge,Albertina.Gerge@gmail.com,42
Gianina,Cleo,Gianina.Cleo@gmail.com,34
Emylee,Kunin,Emylee.Kunin@hotmail.com,23
Bee,Waite,Bee.Waite@yahoo.com,52
Kore,Cullin,Kore.Cullin@hotmail.com,60
Aigneis,Sisile,Aigneis.Sisile@yahoo.com,23
Eve,Jerold,Eve.Jerold@outlook.com,30
Micheline,Hanleigh,Micheline.Hanleigh@gmail.com,32
Cam,Dorine,Cam.Dorine@outlook.com,52
Valli,Weide,Valli.Weide@hotmail.com,39
Hyacinthe,Guthrie,Hyacinthe.Guthrie@gmail.com,23
Charissa,Chesna,Charissa.Chesna@hotmail.com,50
Sean,Louanna,Sean.Louanna@outlook.com,24
June,Laverne,June.Laverne@hotmail.com,53
Evita,Monaco,Evita.Monaco@hotmail.com,29
Micheline,Hailee,Micheline.Hailee@outlook.com,18
Imojean,Alexandr,Imojean.Alexandr@hotmail.com,19
Tracey,Seumas,Tracey.Seumas@hotmail.com,37
Roberta,Briney,Roberta.Briney@hotmail.com,41
Rani,Grimbly,Rani.Grimbly@yahoo.com,30
Mildrid,Himelman,Mildrid.Himelman@yahoo.com,53
Neila,Si,Neila.Si@yahoo.com,24
Dorothy,Bobbee,Dorothy.Bobbee@gmail.com,31
Nariko,Giule,Nariko.Giule@outlook.com,38
Queenie,McClimans,Queenie.McClimans@outlook.com,27
Ericka,Koziara,Ericka.Koziara@hotmail.com,57
Norine,Anderea,Norine.Anderea@outlook.com,53
Marjie,Deegan,Marjie.Deegan@hotmail.com,31
Mary,Olin,Mary.Olin@outlook.com,53
Lily,Cloris,Lily.Cloris@yahoo.com,41
Lesly,Shanley,Lesly.Shanley@gmail.com,31
Charissa,Faro,Charissa.Faro@hotmail.com,26
Aubrie,Brian,Aubrie.Brian@hotmail.com,25
Karena,Rolf,Karena.Rolf@yahoo.com,42
Georgina,Constancy,Georgina.Constancy@yahoo.com,38
Micheline,Septima,Micheline.Septima@hotmail.com,33
Ingrid,Randene,Ingrid.Randene@outlook.com,31
Grier,McNully,Grier.McNully@hotmail.com,22
Sandie,Juan,Sandie.Juan@yahoo.com,18
Aigneis,Flita,Aigneis.Flita@gmail.com,54
Yvonne,Robertson,Yvonne.Robertson@hotmail.com,39
Aaren,Lattie,Aaren.Lattie@hotmail.com,50
Frieda,Zetta,Frieda.Zetta@outlook.com,46
Roberta,Rolf,Roberta.Rolf@hotmail.com,25
Chandra,Susannah,Chandra.Susannah@gmail.com,44
Letizia,Alexandr,Letizia.Alexandr@yahoo.com,33
Pollyanna,Hebner,Pollyanna.Hebner@gmail.com,60
Kaia,Hutchison,Kaia.Hutchison@outlook.com,31
Mahalia,Kinnard,Mahalia.Kinnard@gmail.com,29
Drucie,Weide,Drucie.Weide@yahoo.com,46
Mary,Loring,Mary.Loring@outlook.com,33
Pamella,Weinreb,Pamella.Weinreb@hotmail.com,59
Katharina,Lamoree,Katharina.Lamoree@gmail.com,30
Maud,Ovid,Maud.Ovid@outlook.com,59
Collen,Raffo,Collen.Raffo@hotmail.com,27
Aaren,Hoban,Aaren.Hoban@gmail.com,47
Nariko,Gilbertson,Nariko.Gilbertson@outlook.com,42
Susette,Muriel,Susette.Muriel@yahoo.com,25
Jerry,Cimbura,Jerry.Cimbura@yahoo.com,21
Sophia,Kellby,Sophia.Kellby@hotmail.com,20
Ruthe,Phyllis,Ruthe.Phyllis@yahoo.com,28
Madeleine,Clarissa,Madeleine.Clarissa@yahoo.com,27
Jeanna,Iphlgenia,Jeanna.Iphlgenia@outlook.com,52
Jobi,Thunell,Jobi.Thunell@hotmail.com,50
Rani,Lail,Rani.Lail@gmail.com,30
Cordi,Docilla,Cordi.Docilla@outlook.com,57
Mamie,Ferino,Mamie.Ferino@outlook.com,57
Fred,Merriott,Fred.Merriott@hotmail.com,52
Tina,Eachern,Tina.Eachern@outlook.com,46
Madalyn,Bebe,Madalyn.Bebe@hotmail.com,20
Kamilah,Rheingold,Kamilah.Rheingold@yahoo.com,49
Amii,Wittie,Amii.Wittie@hotmail.com,42
Maryellen,Lareena,Maryellen.Lareena@hotmail.com,43
Dyann,Quent,Dyann.Quent@outlook.com,31
Lizzie,Zuzana,Lizzie.Zuzana@hotmail.com,38
Valli,Celestine,Valli.Celestine@yahoo.com,36
Emilia,Posner,Emilia.Posner@yahoo.com,51
Talya,Hutchison,Talya.Hutchison@outlook.com,53
Mary,Engdahl,Mary.Engdahl@outlook.com,45
Edee,Bakerman,Edee.Bakerman@outlook.com,60
Melodie,Margret,Melodie.Margret@outlook.com,20
Libbie,Berard,Libbie.Berard@hotmail.com,41
Isa,Bergman,Isa.Bergman@gmail.com,38
Fernande,Kamaria,Fernande.Kamaria@yahoo.com,57
Lesly,Aprile,Lesly.Aprile@hotmail.com,42
Adele,Swanhildas,Adele.Swanhildas@outlook.com,35
Claudina,Ricarda,Claudina.Ricarda@outlook.com,59
Keelia,Pierette,Keelia.Pierette@yahoo.com,19
Beth,Bevin,Beth.Bevin@hotmail.com,26
Melina,Wesle,Melina.Wesle@gmail.com,33
Kylynn,Rubie,Kylynn.Rubie@hotmail.com,39
Barbara,Pulsifer,Barbara.Pulsifer@outlook.com,30
Ira,Redmond,Ira.Redmond@gmail.com,47
Ursulina,Brotherson,Ursulina.Brotherson@yahoo.com,32
Lita,Wesle,Lita.Wesle@yahoo.com,60
Laure,Andrel,Laure.Andrel@yahoo.com,51
Dianemarie,Teddman,Dianemarie.Teddman@outlook.com,59
Deedee,Dreda,Deedee.Dreda@hotmail.com,36
Mallory,Harned,Mallory.Harned@hotmail.com,38
Jeanna,Mendez,Jeanna.Mendez@outlook.com,23
Roxane,Sophronia,Roxane.Sophronia@hotmail.com,44
Jsandye,Fiester,Jsandye.Fiester@yahoo.com,58
Ottilie,Helfand,Ottilie.Helfand@yahoo.com,51
Chickie,Pillsbury,Chickie.Pillsbury@outlook.com,34
Cindelyn,Percy,Cindelyn.Percy@yahoo.com,44
Corry,Forrer,Corry.Forrer@yahoo.com,20
Aubrie,Sadowski,Aubrie.Sadowski@outlook.com,38
Maryellen,Pitt,Maryellen.Pitt@yahoo.com,26
Tamqrah,Kunin,Tamqrah.Kunin@gmail.com,58
Iseabal,Munn,Iseabal.Munn@outlook.com,30
Claresta,Sheedy,Claresta.Sheedy@outlook.com,50
Marguerite,Martsen,Marguerite.Martsen@yahoo.com,46
Nanete,Carmena,Nanete.Carmena@yahoo.com,51
Catrina,Charity,Catrina.Charity@outlook.com,22
Kassey,Amand,Kassey.Amand@hotmail.com,47
Tobe,Leary,Tobe.Leary@hotmail.com,24
Aaren,Markman,Aaren.Markman@outlook.com,49
Myrtice,Shaddock,Myrtice.Shaddock@outlook.com,24
Babita,Tound,Babita.Tound@yahoo.com,47
Gavrielle,Hylan,Gavrielle.Hylan@outlook.com,21
Nicoli,Prouty,Nicoli.Prouty@outlook.com,19
Leeanne,Cosenza,Leeanne.Cosenza@yahoo.com,41
Roberta,Seligman,Roberta.Seligman@hotmail.com,23
Vere,Fiann,Vere.Fiann@yahoo.com,33
Caritta,Chabot,Caritta.Chabot@outlook.com,18
Kathy,Chem,Kathy.Chem@outlook.com,59
Evaleen,Bouchard,Evaleen.Bouchard@outlook.com,32
Myrtice,Hillel,Myrtice.Hillel@outlook.com,52
Phedra,Bivins,Phedra.Bivins@outlook.com,18
Jemie,Evangelia,Jemie.Evangelia@hotmail.com,60
Rosaline,Ventre,Rosaline.Ventre@yahoo.com,57
Emilia,Podvin,Emilia.Podvin@yahoo.com,42
Xylina,Charmine,Xylina.Charmine@outlook.com,51
Celisse,Leffen,Celisse.Leffen@outlook.com,21
Doro,Saree,Doro.Saree@yahoo.com,57
Ericka,Jena,Ericka.Jena@outlook.com,50
Letizia,Fry,Letizia.Fry@outlook.com,21
Emelina,Concha,Emelina.Concha@outlook.com,38
Averyl,Sprage,Averyl.Sprage@hotmail.com,39
Chloris,Carri,Chloris.Carri@gmail.com,24
Shaylyn,Even,Shaylyn.Even@hotmail.com,53
Karolina,Maiah,Karolina.Maiah@yahoo.com,48
Larine,Land,Larine.Land@yahoo.com,47
Danika,Pillsbury,Danika.Pillsbury@gmail.com,51
Gerrie,Behre,Gerrie.Behre@outlook.com,22
Melanie,Connelly,Melanie.Connelly@gmail.com,32
Max,Felecia,Max.Felecia@outlook.com,46
Wendi,Vanni,Wendi.Vanni@gmail.com,20
Andeee,Judye,Andeee.Judye@gmail.com,35
Paola,Hieronymus,Paola.Hieronymus@outlook.com,48
Tierney,Donell,Tierney.Donell@hotmail.com,52
Violet,Ogren,Violet.Ogren@yahoo.com,30
Karlee,Erminia,Karlee.Erminia@outlook.com,48
Perry,Pandolfi,Perry.Pandolfi@outlook.com,44
Kenna,Behre,Kenna.Behre@hotmail.com,48
Patricia,Zuzana,Patricia.Zuzana@outlook.com,46
Cassondra,Dominy,Cassondra.Dominy@yahoo.com,37
Alexine,Charmine,Alexine.Charmine@gmail.com,24
Kaja,Loring,Kaja.Loring@outlook.com,55
Julieta,Weinreb,Julieta.Weinreb@yahoo.com,19
Danika,Germann,Danika.Germann@outlook.com,24
Dorene,Erminia,Dorene.Erminia@outlook.com,34
Sidoney,Suzetta,Sidoney.Suzetta@yahoo.com,49
Phylis,Dorine,Phylis.Dorine@outlook.com,33
